{"epoch/val_loss":0.20112070441246033,"epoch/epoch":110,"_step":111,"test_accuracy":0.936608557844691,"_wandb":{"runtime":9947},"_runtime":9947,"test_f1":0.9373377484391476,"epoch/loss":0.19454079866409302,"epoch/accuracy":0.9318026304244995,"test_recall":0.9385376289356694,"epoch/learning_rate":9.999999747378752e-05,"test_precision":0.9366131770856947,"_timestamp":1.7541899338821645e+09,"epoch/val_accuracy":0.9390048384666443}