{"epoch/learning_rate":9.999999747378752e-05,"epoch/loss":0.26458147168159485,"test_recall":0.9106518955631019,"epoch/val_accuracy":0.9245585799217224,"epoch/accuracy":0.9115833044052124,"epoch/val_loss":0.2574712336063385,"epoch/epoch":39,"test_f1":0.9087205131962193,"_runtime":5608,"_timestamp":1.7541394777975516e+09,"test_accuracy":0.9096671949286846,"test_precision":0.9081190851914874,"_wandb":{"runtime":5608},"_step":40}