{"epoch/val_accuracy":0.9117174744606018,"epoch/val_loss":0.2651030719280243,"epoch/learning_rate":9.999999747378752e-05,"epoch/accuracy":0.9105551838874817,"epoch/epoch":39,"_runtime":4397,"epoch/loss":0.27676278352737427,"_timestamp":1.753569336738185e+09,"_wandb":{"runtime":4397},"_step":39}