{"test_accuracy":0.9207606973058637,"epoch/epoch":39,"_timestamp":1.754096293299318e+09,"test_f1":0.920666750440855,"_step":40,"epoch/val_loss":0.24519550800323486,"epoch/val_accuracy":0.9341893792152405,"_wandb":{"runtime":3857},"epoch/learning_rate":9.999999747378752e-05,"test_recall":0.9220109590348414,"epoch/accuracy":0.9081562757492065,"test_precision":0.920108392349799,"_runtime":3857,"epoch/loss":0.28356674313545227}