{"epoch/val_loss":0.28549617528915405,"_runtime":1663,"epoch/loss":0.3336293399333954,"epoch/accuracy":0.8923920392990112,"epoch/epoch":29,"epoch/val_accuracy":0.9245585799217224,"epoch/learning_rate":9.999999747378752e-05,"_step":29,"_wandb":{"runtime":1663},"_timestamp":1.7520979642466922e+09}