{"epoch/val_loss":0.2680216133594513,"_wandb":{"runtime":4169},"test_precision":0.909234297257246,"test_f1":0.9082276395567798,"_step":40,"epoch/epoch":39,"test_accuracy":0.9080824088748018,"test_recall":0.9076236072561853,"epoch/accuracy":0.9160383939743042,"epoch/learning_rate":9.999999747378752e-05,"_timestamp":1.7541014112651043e+09,"epoch/loss":0.26836735010147095,"epoch/val_accuracy":0.9181380271911621,"_runtime":4169}