{"epoch/val_accuracy":0.9293739795684814,"_wandb":{"runtime":4405},"epoch/loss":0.2864563763141632,"epoch/val_loss":0.2508127689361572,"_runtime":4405,"_step":39,"_timestamp":1.7535756032298923e+09,"epoch/learning_rate":9.999999747378752e-05,"epoch/epoch":39,"epoch/accuracy":0.907813549041748}