{"_step":40,"test_accuracy":0.9080824088748018,"test_recall":0.9089932480257037,"_wandb":{"runtime":2678},"_runtime":2678,"test_f1":0.908379851462716,"epoch/epoch":39,"test_precision":0.9092797327979044,"epoch/loss":0.26827719807624817,"epoch/learning_rate":9.999999747378752e-05,"_timestamp":1.754092317482056e+09,"epoch/val_loss":0.27080243825912476,"epoch/accuracy":0.9177519083023071,"epoch/val_accuracy":0.9165329337120056}