{"epoch/val_loss":0.22874881327152252,"test_accuracy":0.9239302694136292,"test_f1":0.9244203804152654,"_wandb":{"runtime":6679},"test_recall":0.9257570720767292,"_runtime":6679,"epoch/epoch":49,"epoch/learning_rate":9.999999747378752e-05,"epoch/accuracy":0.9270048141479492,"_step":50,"_timestamp":1.7541551864479163e+09,"test_precision":0.923363225926155,"epoch/loss":0.23940280079841614,"epoch/val_accuracy":0.9341893792152405}