{"_step":60,"_timestamp":1.754160909690804e+09,"test_precision":0.9252729519306001,"epoch/val_accuracy":0.9406099319458008,"epoch/accuracy":0.9194653630256653,"test_recall":0.9274478491502375,"_runtime":5608,"test_accuracy":0.9255150554675119,"epoch/learning_rate":9.999999747378752e-05,"epoch/loss":0.24250613152980804,"epoch/epoch":59,"test_f1":0.9261131859538381,"epoch/val_loss":0.22814491391181946,"_wandb":{"runtime":5608}}