{"_timestamp":1.75267540006217e+09,"epoch/loss":1.832342267036438,"epoch/val_accuracy":0.3611556887626648,"epoch/accuracy":0.2779300808906555,"epoch/val_loss":1.4707032442092896,"_wandb":{"runtime":204},"epoch/learning_rate":9.999999747378752e-05,"_runtime":204,"epoch/epoch":1,"_step":1}