{"epoch/val_loss":0.24451033771038055,"_step":39,"epoch/accuracy":0.9050719738006592,"epoch/epoch":39,"_wandb":{"runtime":3670},"epoch/loss":0.28494125604629517,"epoch/learning_rate":9.999999747378752e-05,"_timestamp":1.75408901931011e+09,"epoch/val_accuracy":0.9341893792152405,"_runtime":3670}