{"epoch/loss":1.487966537475586,"epoch/learning_rate":9.999999747378752e-05,"_wandb":{"runtime":328},"epoch/val_loss":1.200931429862976,"epoch/accuracy":0.3601782023906708,"epoch/val_accuracy":0.6388443112373352,"_runtime":328,"_timestamp":1.7535696755650535e+09,"epoch/epoch":0,"_step":0}