{"epoch/val_accuracy":0.7303370833396912,"epoch/epoch":1,"epoch/val_loss":1.0155845880508423,"_wandb":{"runtime":513},"_timestamp":1.7526754803012087e+09,"epoch/loss":1.2711423635482788,"epoch/learning_rate":9.999999747378752e-05,"_runtime":513,"_step":1,"epoch/accuracy":0.5174777507781982}