{"epoch/accuracy":0.9259766936302185,"test_recall":0.9344996460979313,"test_f1":0.932700477534898,"epoch/loss":0.20879822969436646,"test_precision":0.9312238964791384,"_wandb":{"runtime":7609},"epoch/val_accuracy":0.9406099319458008,"_timestamp":1.754179539649549e+09,"epoch/learning_rate":9.999999747378752e-05,"_runtime":7609,"epoch/epoch":79,"epoch/val_loss":0.21163353323936462,"_step":80,"test_accuracy":0.9318541996830428}