{"test_f1":0.9080489100002932,"epoch/accuracy":0.9023303389549255,"_timestamp":1.7541307177334266e+09,"test_precision":0.906710715025902,"test_recall":0.9100629070867894,"epoch/learning_rate":9.999999747378752e-05,"epoch/val_loss":0.2571023404598236,"epoch/epoch":39,"_step":40,"_wandb":{"runtime":3311},"test_accuracy":0.9080824088748018,"_runtime":3311,"epoch/val_accuracy":0.927768886089325,"epoch/loss":0.29160165786743164}