{"_timestamp":1.7520961237532904e+09,"epoch/accuracy":0.6583276391029358,"epoch/val_loss":0.8397508859634399,"_runtime":196,"epoch/epoch":2,"_wandb":{"runtime":196},"epoch/loss":1.0131187438964844,"_step":2,"epoch/val_accuracy":0.778491199016571,"epoch/learning_rate":9.999999747378752e-05}