{"epoch/learning_rate":9.999999747378752e-05,"_wandb":{"runtime":636},"epoch/loss":1.4459038972854614,"_step":29,"epoch/accuracy":0.3529815077781677,"epoch/val_accuracy":0.39004814624786377,"_timestamp":1.7526827855594957e+09,"epoch/val_loss":1.355540156364441,"_runtime":636,"epoch/epoch":29}